id,educ,maeduc,paeduc
1,12,14,9
2,16,16,16
7,17,12,12
8,12,14,14
9,19,16,16
12,16,14,12
16,14,16,18
17,18,12,12
22,15,14,16
23,17,16,16
24,16,16,12
25,16,12,16
26,16,12,14
31,16,16,16
36,16,12,14
38,20,12,12
39,16,14,16
41,13,12,9
42,8,12,14
43,13,12,12
46,16,15,16
47,16,20,12
48,16,12,12
49,20,16,18
50,12,12,6
52,14,14,12
53,14,12,15
56,16,16,16
57,16,16,17
59,13,12,10
60,16,18,13
61,14,12,16
64,3,3,0
66,14,6,9
67,16,10,8
68,20,12,14
69,14,12,12
70,17,12,18
74,15,12,12
75,16,17,16
76,6,12,0
77,14,12,12
78,12,0,3
80,16,12,16
81,12,13,14
82,12,12,12
83,12,10,14
85,16,19,14
86,16,12,14
91,12,14,13
92,16,12,12
93,16,12,12
94,15,12,16
95,16,12,16
96,12,12,12
97,13,16,15
98,14,16,12
100,16,12,12
101,14,12,12
103,18,14,14
104,17,16,16
105,18,12,8
107,18,12,16
108,14,11,7
111,16,12,16
113,12,10,16
114,14,14,16
115,20,12,12
116,15,16,16
117,20,13,10
118,20,12,12
119,18,18,18
120,16,12,6
121,20,10,12
124,18,12,16
125,18,16,12
127,13,12,12
128,13,14,16
130,16,12,16
131,16,12,12
136,16,18,16
137,12,10,12
139,17,18,18
140,16,16,15
142,16,18,12
143,19,15,16
144,18,16,18
145,18,10,12
146,16,16,16
147,16,16,16
148,12,12,10
149,16,12,10
151,11,12,12
154,19,12,12
155,16,16,8
158,20,16,16
159,14,14,12
160,16,16,18
164,14,12,12
165,16,14,6
167,17,16,20
168,14,12,18
169,19,10,20
170,20,13,18
171,16,16,15
172,16,18,10
173,18,13,14
174,16,20,16
175,14,0,0
176,16,15,19
177,16,12,16
179,12,8,8
183,18,12,18
184,12,12,19
188,12,12,18
190,10,12,7
192,14,12,12
194,13,12,12
195,16,15,9
196,17,16,18
198,16,16,16
201,16,12,12
203,20,14,16
206,12,12,5
207,14,18,12
209,16,12,12
210,12,9,7
213,14,12,12
215,17,13,8
216,6,0,0
217,12,12,12
220,14,10,12
221,13,6,9
224,16,12,14
226,15,13,12
230,12,14,14
231,17,16,16
233,18,15,17
235,12,12,12
236,20,14,17
239,16,12,10
242,16,18,16
244,16,18,12
246,12,12,8
247,15,12,12
253,17,17,17
254,16,14,14
255,16,12,16
256,16,12,12
257,16,14,13
258,14,12,12
259,19,20,18
260,14,12,12
261,13,11,16
262,20,16,12
263,12,14,14
264,15,12,12
265,16,16,16
267,12,12,12
268,18,12,12
269,16,12,8
270,14,10,9
271,16,0,12
272,18,12,7
273,14,12,12
275,12,12,12
276,12,12,12
279,16,16,16
281,16,16,16
282,20,9,18
284,20,15,20
285,19,16,20
287,12,15,12
288,16,14,14
289,12,12,12
291,12,8,14
292,16,16,16
293,15,12,16
294,16,9,13
296,11,12,12
297,16,18,8
300,15,12,16
301,13,12,13
302,12,13,9
303,18,20,20
304,19,12,12
305,18,17,16
306,18,12,16
307,15,12,17
309,15,12,8
310,16,14,5
312,18,16,18
313,13,12,12
314,13,12,10
315,16,16,16
316,13,0,0
317,15,8,15
320,20,6,12
321,16,12,12
322,16,16,16
323,17,17,20
326,17,9,16
327,16,14,14
329,16,16,16
330,19,10,8
331,16,12,12
333,18,17,20
334,16,14,12
335,15,14,14
336,16,13,12
337,12,12,14
338,13,12,12
339,12,12,12
340,18,12,14
342,16,16,16
343,12,16,12
344,16,16,18
345,20,14,14
346,13,11,12
348,12,12,12
349,19,17,16
350,13,12,12
352,17,12,13
354,19,12,12
356,16,16,18
357,19,20,18
358,15,10,14
359,14,20,20
360,13,12,12
361,13,12,12
362,17,12,12
363,14,10,8
365,16,12,11
366,14,12,12
367,18,14,12
369,16,14,5
370,14,14,12
371,14,18,19
372,17,16,16
375,18,0,0
377,12,12,12
379,18,16,16
380,18,14,12
383,16,16,12
384,14,12,12
386,15,12,16
388,14,12,12
389,16,12,14
390,14,9,9
391,20,14,12
392,14,14,14
396,14,12,14
397,12,14,10
398,14,12,16
402,13,14,14
405,18,9,12
407,13,12,12
408,16,14,16
409,15,14,4
411,17,6,14
412,18,10,14
413,16,12,12
414,18,18,20
415,17,12,12
417,16,14,20
418,18,18,18
420,18,18,18
422,18,12,12
424,19,12,16
425,16,12,19
427,14,14,8
428,18,14,16
430,12,14,12
431,12,12,12
433,18,12,13
434,18,0,6
435,12,12,14
437,12,12,12
438,0,12,0
439,15,12,16
441,12,12,12
443,19,12,14
445,20,12,12
446,17,12,16
447,16,11,9
448,16,12,14
449,17,12,19
450,15,12,12
451,16,14,16
452,12,8,9
453,18,12,12
454,14,12,12
456,19,12,16
457,18,16,19
458,18,18,20
459,20,13,16
460,16,12,20
461,17,16,12
462,20,18,20
463,14,12,8
464,14,14,17
465,16,15,13
468,17,13,12
469,20,10,12
470,11,14,13
473,16,8,12
474,16,12,12
478,12,12,12
480,13,10,12
481,12,13,14
483,12,0,0
484,18,12,12
485,17,20,17
486,15,12,12
488,12,12,12
491,16,16,16
493,14,13,12
495,12,16,16
496,15,14,16
497,16,12,16
498,16,16,16
499,15,12,12
502,14,14,12
503,12,12,14
505,20,12,12
508,15,12,14
510,17,16,16
512,14,16,16
513,14,12,6
514,17,16,12
517,15,12,16
518,18,16,12
520,14,10,12
523,10,12,12
525,12,5,8
526,14,14,12
527,19,16,20
528,18,18,18
529,16,16,15
530,14,18,17
531,17,12,19
532,18,13,14
533,18,12,12
535,17,12,12
536,12,11,12
537,15,10,6
539,12,13,8
540,12,12,12
541,16,14,14
542,14,18,19
544,12,12,7
547,18,12,11
548,14,12,12
549,11,8,5
550,12,11,12
552,14,12,12
553,16,12,12
554,19,15,13
555,16,12,16
556,16,12,12
557,20,20,20
559,18,12,12
560,12,12,12
561,17,16,12
566,12,12,14
568,16,16,14
571,16,12,12
572,12,13,12
573,12,12,12
576,14,8,10
577,13,10,12
583,12,5,5
584,14,14,12
585,12,6,12
586,16,14,12
587,20,14,12
588,17,12,11
590,12,14,14
594,16,6,6
595,18,9,9
599,17,16,16
602,15,16,20
604,11,14,7
606,15,14,14
610,14,13,12
611,16,14,16
612,12,12,8
613,12,12,12
614,14,12,11
615,14,12,13
616,12,12,14
617,13,7,5
618,15,14,14
619,14,16,12
621,12,12,12
622,11,12,12
623,13,12,16
625,16,12,12
626,12,12,12
627,15,12,11
628,12,10,12
629,19,12,12
633,14,12,8
635,12,12,12
636,20,12,12
639,17,18,16
641,16,15,16
642,16,16,18
643,13,16,12
644,12,12,12
645,12,12,12
646,16,18,19
647,16,11,11
649,14,13,14
650,12,12,12
651,17,13,13
652,12,5,8
654,16,12,16
656,14,12,12
657,17,12,12
658,13,12,7
659,12,12,12
660,16,12,12
661,16,14,12
662,12,11,12
663,14,12,12
664,12,12,12
665,20,16,12
666,16,13,8
667,12,12,12
668,16,13,16
669,14,12,12
670,12,10,13
671,12,12,10
672,11,12,16
675,13,12,12
676,12,12,12
678,12,12,12
680,14,12,14
681,12,12,12
684,18,12,15
685,12,14,12
686,12,12,8
687,12,14,10
690,12,12,2
691,13,12,9
692,14,12,11
693,16,6,12
696,14,14,12
699,12,0,0
701,15,3,11
702,18,16,16
704,18,12,12
705,20,12,12
707,18,13,14
708,19,16,18
709,17,19,18
710,13,12,12
711,14,10,14
713,20,14,16
714,20,9,8
715,13,12,12
717,18,12,12
718,16,17,17
719,18,12,12
720,16,12,13
721,16,16,13
723,16,16,16
724,16,14,16
725,12,12,10
726,14,16,20
728,16,16,16
730,20,12,12
733,16,13,19
734,18,16,16
735,16,14,14
738,15,14,14
739,18,12,19
740,19,17,18
741,13,14,13
742,10,10,10
745,12,12,10
746,12,12,12
747,12,12,10
748,17,14,7
749,16,12,12
750,14,14,16
752,14,10,8
753,14,12,12
754,18,12,20
755,20,12,8
756,12,12,9
759,15,16,16
760,12,12,6
765,18,13,12
766,13,17,12
767,18,15,16
768,12,12,12
772,16,12,12
773,15,12,20
776,12,20,16
777,12,14,14
778,12,14,14
779,16,14,3
780,15,16,15
782,12,10,10
783,14,12,12
784,12,9,6
785,17,12,12
786,19,12,12
788,20,16,18
792,18,15,16
793,14,12,12
796,16,12,12
797,18,12,18
798,20,12,12
799,14,12,12
801,16,17,12
802,14,12,12
804,18,14,20
805,16,13,14
807,15,10,12
808,12,12,10
809,13,12,12
813,16,8,12
816,16,12,16
817,17,16,12
818,16,16,20
819,12,4,0
820,12,12,12
825,14,12,12
827,15,11,16
829,12,12,12
831,17,14,16
832,15,12,8
834,16,10,12
838,12,6,10
839,18,12,12
842,16,6,0
843,15,10,8
845,16,16,12
846,17,16,16
850,14,16,15
852,14,6,6
853,14,5,3
857,16,11,6
859,12,12,12
864,14,12,12
865,12,7,7
866,13,8,8
867,15,12,13
871,14,10,8
872,12,11,11
873,19,16,16
874,12,12,11
878,16,12,16
880,15,12,12
881,20,12,11
882,18,14,17
883,20,18,20
884,16,16,13
885,16,16,16
886,13,16,16
887,16,15,16
888,12,9,8
890,17,12,17
892,16,16,20
894,20,12,12
895,12,12,14
896,16,12,14
897,18,12,12
898,19,12,15
899,18,8,18
901,16,19,18
902,14,12,12
903,16,12,14
904,18,14,16
906,16,15,15
910,16,13,8
915,18,12,12
916,18,18,12
917,19,14,12
918,13,12,12
919,16,16,20
923,12,12,12
924,12,12,12
925,16,8,8
926,15,8,6
927,18,12,12
928,15,12,12
929,16,14,10
931,16,12,12
933,12,12,12
935,14,12,16
938,12,12,5
941,16,14,12
942,16,15,12
943,20,12,12
944,18,14,12
945,12,16,12
946,18,12,20
947,17,13,12
948,16,8,10
949,15,16,12
950,16,12,12
952,16,18,14
953,18,12,12
954,20,12,12
956,16,12,12
957,16,12,6
960,12,12,12
961,12,12,12
964,18,11,10
965,12,8,9
969,16,16,16
972,18,12,12
973,15,12,12
975,17,12,14
977,12,12,16
980,14,0,0
981,18,14,16
983,17,12,16
985,18,12,8
986,20,8,20
988,16,10,15
989,17,8,5
990,15,10,9
991,16,14,12
992,14,16,15
993,17,17,12
995,14,12,20
996,14,12,20
997,18,6,15
998,15,15,15
999,16,12,12
1000,16,12,16
1001,16,13,12
1002,14,11,10
1003,16,12,16
1004,14,6,12
1005,19,10,16
1008,13,12,8
1009,8,6,3
1013,19,16,16
1014,16,12,19
1015,17,16,15
1018,16,16,16
1019,16,12,14
1021,17,14,13
1022,16,8,8
1023,16,16,16
1024,16,12,16
1025,19,16,16
1026,17,12,12
1030,12,6,5
1034,12,16,16
1036,14,14,16
1039,16,20,16
1043,12,12,13
1044,18,16,16
1045,18,12,19
1046,14,12,14
1048,13,12,8
1049,17,12,16
1050,14,14,14
1051,16,12,12
1052,12,12,12
1055,16,16,16
1056,16,14,12
1057,14,15,16
1059,12,14,12
1060,12,9,12
1061,16,14,16
1062,18,16,18
1063,14,10,9
1065,19,12,12
1066,13,12,14
1068,16,16,16
1069,12,12,12
1071,16,12,12
1072,12,12,16
1074,18,18,18
1075,13,20,10
1079,17,16,6
1080,12,12,12
1081,13,12,12
1084,19,18,20
1085,12,13,12
1086,10,8,12
1087,12,10,11
1088,12,12,8
1089,12,8,6
1091,14,12,12
1092,13,12,11
1093,14,12,15
1094,16,12,12
1095,15,12,14
1096,14,14,12
1097,16,12,12
1100,12,12,12
1102,18,18,18
1103,18,16,14
1106,12,10,11
1108,12,12,18
1109,10,12,8
1110,20,20,14
1111,14,11,11
1112,15,14,15
1115,20,12,12
1117,12,12,11
1118,19,12,12
1119,18,12,14
1120,17,16,16
1121,16,12,12
1122,11,20,16
1123,16,12,12
1124,15,12,16
1127,16,12,16
1129,20,18,17
1130,16,16,16
1131,16,12,12
1132,16,12,12
1133,16,12,12
1134,16,16,12
1136,16,16,16
1137,16,12,12
1138,16,12,16
1139,18,16,16
1140,16,8,8
1141,18,14,16
1142,16,12,8
1143,20,16,16
1144,18,14,12
1145,14,12,16
1146,17,12,12
1147,16,16,16
1149,14,9,8
1150,8,8,7
1152,14,12,12
1154,19,12,14
1155,17,16,20
1156,20,18,18
1157,14,0,12
1159,16,12,6
1161,12,12,12
1162,16,0,0
1164,16,12,12
1165,18,13,16
1166,16,13,19
1169,13,12,8
1171,20,12,13
1172,14,12,16
1173,14,8,8
1176,18,12,16
1181,14,12,12
1183,12,12,4
1185,15,12,12
1186,16,18,13
1187,14,12,12
1190,17,5,5
1191,13,14,12
1192,13,12,16
1193,16,16,20
1194,18,18,14
1195,16,20,20
1196,18,12,12
1197,16,16,12
1198,16,16,16
1199,20,16,20
1200,16,12,15
1201,18,12,12
1203,15,12,12
1204,18,12,12
1205,14,12,12
1206,18,12,12
1207,16,14,13
1208,19,16,12
1209,20,20,19
1210,14,14,11
1211,16,10,11
1213,20,13,5
1215,16,16,18
1216,16,14,17
1217,16,12,12
1218,11,12,12
1219,14,14,10
1220,16,16,18
1222,12,12,12
1223,17,16,16
1224,20,14,16
1225,12,12,7
1228,12,4,12
1229,14,12,8
1230,20,13,9
1231,12,7,5
1232,12,12,8
1235,13,14,7
1237,14,12,7
1239,12,11,10
1244,15,6,12
1245,12,13,12
1246,13,12,3
1247,12,12,5
1248,10,12,16
1249,19,15,16
1250,18,14,16
1251,12,14,12
1253,16,12,12
1254,13,5,5
1255,16,12,16
1257,15,5,5
1259,17,18,20
1261,15,16,12
1263,16,16,16
1265,20,12,12
1266,18,12,16
1267,17,12,0
1268,19,16,12
1269,20,10,13
1270,17,15,14
1271,14,12,15
1272,20,14,17
1273,16,12,16
1275,13,12,12
1276,16,16,12
1277,13,12,10
1278,16,12,13
1279,16,12,16
1285,19,16,18
1287,20,18,16
1289,16,16,16
1290,16,11,10
1291,16,14,16
1292,16,8,8
1294,13,12,12
1295,18,12,12
1297,18,14,14
1298,17,12,18
1299,18,13,14
1304,14,12,12
1305,12,14,16
1306,16,14,16
1312,18,8,12
1314,12,11,12
1315,17,16,14
1316,14,14,12
1317,17,12,10
1318,17,14,16
1319,14,12,12
1320,14,16,12
1322,12,12,12
1323,16,12,10
1324,15,12,15
1325,14,16,12
1326,16,16,16
1327,16,12,12
1328,18,12,12
1329,16,13,20
1330,12,14,11
1331,18,16,16
1332,20,8,12
1333,12,12,12
1334,17,16,12
1336,17,12,17
1337,12,12,13
1338,13,12,12
1340,20,8,8
1342,19,12,16
1343,12,18,18
1344,19,12,16
1345,12,8,6
1346,17,16,20
1347,12,10,10
1349,14,10,12
1350,17,12,8
1351,16,13,15
1355,13,14,12
1356,12,16,14
1357,16,12,12
1358,16,12,18
1359,16,13,13
1360,17,12,10
1361,16,16,14
1363,16,12,14
1364,12,12,12
1365,16,11,16
1367,12,12,12
1368,17,15,13
1369,12,15,8
1370,18,12,12
1371,14,14,12
1372,13,18,10
1373,16,12,14
1374,20,13,16
1381,16,14,16
1384,12,11,13
1385,16,9,8
1386,12,13,12
1388,18,15,20
1389,13,10,9
1391,19,12,12
1392,14,5,3
1393,16,10,5
1395,14,12,14
1396,12,12,11
1397,14,13,6
1399,20,12,12
1400,16,16,16
1401,16,16,16
1402,18,14,20
1403,12,3,8
1405,15,12,12
1406,11,2,4
1407,15,12,14
1408,12,7,6
1411,12,12,16
1413,12,0,12
1414,14,12,12
1416,16,12,12
1417,12,12,12
1418,16,12,14
1419,14,12,16
1425,17,12,12
1426,16,9,10
1427,16,16,16
1428,17,12,13
1429,17,6,9
1430,13,12,12
1431,16,12,16
1432,14,0,0
1433,12,12,12
1434,12,12,12
1437,15,16,9
1438,13,12,14
1440,16,12,16
1442,13,12,12
1444,17,15,17
1445,19,14,12
1447,13,14,12
1448,17,8,8
1449,18,18,16
1451,19,12,12
1452,16,16,12
1453,12,12,12
1454,18,12,12
1455,14,12,16
1456,14,12,17
1458,14,16,12
1459,15,8,8
1466,12,12,12
1467,16,12,12
1468,18,18,16
1469,16,12,8
1470,18,12,12
1472,15,10,9
1474,18,12,12
1475,20,12,12
1477,20,4,12
1478,12,12,12
1479,17,12,0
1480,12,8,12
1481,14,16,16
1482,14,12,16
1483,17,13,17
1484,10,12,12
1487,17,12,13
1489,16,16,16
1490,12,12,12
1491,20,12,11
1493,11,14,14
1495,16,16,18
1496,16,12,12
1499,8,16,14
1502,14,12,12
1505,16,12,16
1506,8,11,4
1507,15,12,14
1508,16,12,12
1509,14,14,14
1512,14,12,12
1513,12,14,12
1514,16,12,12
1516,11,7,9
1517,16,12,12
1518,0,0,0
1519,16,12,9
1522,13,13,5
1523,12,12,11
1524,19,12,13
1525,18,12,13
1528,16,14,16
1534,12,13,12
1535,12,12,12
1537,16,16,12
1538,16,12,12
1539,16,12,12
1540,16,12,16
1541,13,0,0
1542,20,20,18
1543,16,16,16
1547,16,16,16
1548,14,12,12
1549,18,8,7
1552,12,15,3
1554,17,12,12
1555,12,12,12
1557,16,12,16
1558,13,12,3
1560,16,12,8
1561,14,12,12
1562,12,12,12
1563,12,4,5
1564,16,16,14
1567,14,12,12
1568,12,12,12
1569,15,17,16
1570,11,9,8
1572,16,11,8
1573,12,9,14
1575,16,20,12
1577,9,9,12
1580,12,12,12
1582,16,12,12
1584,16,16,16
1585,18,14,12
1586,18,14,14
1587,14,12,12
1588,16,12,6
1590,14,6,6
1591,12,14,12
1592,16,16,16
1593,13,12,16
1594,16,14,16
1596,16,12,12
1597,10,13,10
1598,12,8,4
1601,14,9,12
1602,13,12,8
1603,16,12,12
1604,16,5,16
1606,13,12,12
1607,17,8,3
1608,12,8,11
1610,14,12,14
1612,13,9,12
1614,11,12,11
1616,14,13,8
1617,14,14,16
1618,18,16,18
1619,12,12,12
1620,14,13,14
1624,11,8,0
1625,16,13,16
1626,16,16,16
1627,20,12,14
1628,16,8,12
1631,11,14,16
1632,13,12,12
1634,20,13,16
1638,14,12,13
1640,12,7,7
1643,20,12,12
1646,12,12,12
1647,12,12,12
1648,17,15,16
1649,15,12,16
1650,16,16,13
1653,20,12,12
1657,14,12,12
1658,16,14,12
1660,14,12,12
1661,12,12,12
1662,16,12,8
1664,18,12,12
1665,14,12,11
1669,20,9,12
1671,12,12,12
1672,16,12,12
1673,14,12,8
1675,12,12,12
1676,9,11,12
1677,12,10,9
1678,11,11,7
1681,18,14,12
1683,17,16,16
1684,18,11,12
1685,16,12,16
1686,16,12,12
1688,16,20,16
1689,12,12,12
1691,18,18,12
1692,16,20,20
1694,14,12,11
1695,13,14,12
1696,12,12,13
1697,16,12,12
1699,14,12,12
1701,13,12,14
1702,16,20,12
1703,13,13,12
1704,16,12,9
1705,14,11,14
1707,16,10,10
1709,18,11,14
1710,12,10,11
1711,9,12,12
1712,12,12,12
1714,13,12,12
1715,13,12,13
1716,18,12,12
1717,16,12,13
1719,16,14,16
1720,14,11,9
1721,15,12,16
1722,16,12,11
1723,16,12,12
1726,16,12,12
1727,16,16,16
1728,18,12,12
1729,13,11,12
1731,18,12,14
1733,18,10,15
1734,20,12,12
1735,12,12,12
1736,18,12,20
1741,13,12,12
1742,15,12,13
1743,12,12,9
1745,16,12,15
1746,14,12,12
1747,16,12,12
1748,16,10,10
1750,14,12,14
1751,14,12,12
1752,12,12,12
1753,13,16,10
1754,14,12,9
1756,16,12,16
1757,18,12,16
1758,16,18,14
1759,20,12,14
1760,12,12,12
1761,16,13,16
1762,14,8,8
1764,14,12,16
1766,16,14,14
1767,13,14,12
1769,13,12,8
1770,14,18,18
1771,12,12,12
1772,12,12,12
1773,14,10,14
1774,12,12,12
1776,16,12,12
1782,12,12,12
1783,17,12,12
1784,20,12,12
1785,16,12,12
1786,16,14,12
1788,20,12,12
1789,17,14,16
1790,12,12,11
1791,16,19,20
1792,17,4,6
1794,15,13,14
1796,12,12,8
1797,16,6,12
1798,16,12,13
1802,12,12,12
1803,15,8,12
1806,13,8,12
1807,16,9,8
1808,12,12,12
1809,16,12,14
1811,16,16,16
1812,13,12,12
1813,16,12,12
1814,15,12,12
1815,12,12,11
1816,12,11,12
1817,16,11,11
1818,15,16,20
1819,16,14,20
1822,14,12,12
1824,16,12,12
1826,12,14,12
1827,12,12,12
1829,17,16,15
1830,12,8,8
1837,15,16,12
1838,16,16,12
1840,12,10,12
1841,11,1,12
1842,11,12,12
1845,18,15,8
1847,17,16,8
1848,16,12,12
1849,12,9,12
1850,14,5,6
1851,16,20,20
1852,16,12,12
1853,12,12,12
1854,14,14,14
1856,13,5,5
1857,16,12,12
1858,13,13,13
1859,16,12,13
1860,20,14,12
1861,14,12,12
1862,14,14,12
1863,18,12,12
1864,18,20,20
1865,14,16,12
1866,10,12,12
1867,13,12,12
1868,12,12,12
1869,12,20,12
1871,12,8,12
1872,12,12,8
1875,14,9,12
1876,12,16,13
1877,14,11,11
1878,18,12,8
1879,12,8,8
1881,12,15,16
1882,16,8,7
1883,16,12,12
1884,16,18,16
1885,12,12,9
1887,13,12,10
1888,13,12,12
1889,18,14,14
1890,13,12,11
1891,18,12,16
1892,12,12,12
1894,12,12,14
1895,20,12,20
1897,14,16,18
1898,12,12,12
1899,16,12,16
1901,16,13,16
1903,12,12,13
1904,15,20,20
1905,18,12,10
1908,17,16,12
1909,14,14,13
1910,19,16,12
1912,20,14,13
1914,16,12,12
1915,14,12,8
1916,16,14,13
1918,18,16,18
1922,20,14,16
1923,18,12,13
1924,16,12,12
1925,18,20,16
1926,16,12,12
1929,16,10,12
1932,14,13,12
1933,16,12,13
1934,12,4,3
1935,15,14,17
1936,16,12,14
1937,18,18,16
1938,18,13,12
1939,16,16,16
1942,15,7,12
1943,14,18,14
1946,10,8,10
1947,12,12,14
1950,16,12,12
1951,17,14,8
1953,16,16,14
1954,18,2,6
1959,12,12,14
1960,19,12,12
1961,12,12,12
1962,18,12,12
1965,12,12,12
1966,12,3,0
1967,18,16,18
1968,13,12,12
1969,16,12,12
1970,20,13,16
1971,12,10,12
1973,14,16,16
1976,17,14,15
1978,12,14,12
1979,14,12,10
1980,16,18,18
1981,14,8,6
1984,16,14,18
1985,16,12,13
1986,20,13,12
1988,16,16,16
1989,16,15,15
1990,12,16,12
1992,13,11,11
1993,12,12,12
1996,16,12,12
1998,13,14,10
1999,14,12,12
2000,12,12,12
2001,13,12,12
2003,16,12,12
2005,14,18,13
2011,12,12,12
2012,13,18,18
2018,12,14,14
2019,16,13,17
2021,14,16,16
2022,12,8,6
2023,12,12,6
2027,19,12,12
2028,13,10,12
2029,16,14,13
2030,12,14,16
2031,12,12,6
2034,19,16,16
2035,12,10,12
2036,12,12,12
2037,14,12,6
2038,16,16,16
2039,12,12,8
2040,12,12,12
2048,16,12,15
2049,12,12,16
2050,17,16,20
2053,15,16,16
2057,12,9,7
2058,14,16,11
2067,13,12,8
2069,15,12,16
2070,12,12,8
2071,12,12,5
2072,18,12,12
2074,16,13,3
2076,12,12,12
2077,16,8,7
2079,17,12,12
2080,13,12,13
2082,12,5,0
2084,11,12,12
2087,12,7,5
2089,17,14,13
2091,16,10,8
2092,16,14,16
2094,17,12,13
2095,13,10,10
2097,19,12,16
2098,16,10,12
2100,15,12,12
2101,14,8,3
2108,20,12,16
2109,16,13,18
2110,12,12,12
2111,14,12,16
2112,16,11,12
2113,11,12,12
2114,12,12,12
2115,16,10,12
2118,14,20,12
2120,16,16,20
2121,16,18,16
2122,16,12,12
2123,16,12,12
2124,19,14,18
2125,12,8,12
2126,15,15,16
2127,16,12,16
2129,18,18,7
2131,16,12,16
2132,20,5,3
2134,12,14,12
2135,18,14,14
2141,20,8,8
2142,16,16,16
2143,16,16,20
2144,12,13,8
2148,16,12,12
2150,16,10,10
2151,18,16,16
2152,16,12,16
2153,17,12,14
2154,16,16,12
2156,18,12,16
2157,14,12,12
2158,14,12,12
2159,18,12,12
2160,12,12,12
2161,14,16,16
2162,16,16,16
2163,12,9,11
2164,16,12,12
2165,20,13,14
2166,12,12,12
2169,12,12,6
2170,6,2,2
2172,16,12,16
2173,14,14,8
2175,14,16,18
2176,11,12,12
2177,17,12,12
2178,16,12,12
2179,12,7,12
2183,10,6,8
2184,15,12,12
2186,16,12,18
2187,18,6,6
2191,20,5,7
2194,13,15,10
2195,20,13,14
2197,14,6,9
2198,12,12,12
2201,20,7,14
2202,14,12,12
2204,15,12,12
2205,11,16,12
2207,18,14,14
2209,18,14,17
2210,13,12,12
2212,18,10,10
2215,18,6,16
2217,18,12,12
2220,14,12,12
2221,15,0,20
2222,14,16,16
2223,13,12,12
2224,14,14,12
2225,20,16,16
2228,9,6,2
2231,14,6,12
2232,14,12,12
2233,16,16,16
2234,16,12,12
2236,12,11,12
2237,12,5,5
2238,13,16,15
2239,12,16,9
2241,13,1,3
2242,10,12,16
2243,16,13,14
2244,13,13,14
2246,20,12,15
2247,16,14,18
2250,16,12,10
2254,18,12,16
2256,16,14,12
2259,18,16,16
2260,16,16,16
2261,16,12,16
2262,18,16,15
2263,20,16,16
2264,18,18,13
2265,12,18,17
2266,17,12,12
2267,16,16,18
2269,14,12,12
2270,17,12,10
2271,13,12,12
2272,12,12,16
2274,15,16,16
2275,15,12,12
2276,18,16,16
2277,14,14,11
2279,13,9,3
2280,12,13,14
2283,14,12,12
2285,16,12,12
2286,18,16,14
2287,16,16,20
2288,17,14,18
2290,18,16,14
2292,15,20,16
2293,16,12,12
2294,16,16,16
2295,12,12,12
2297,13,10,12
2298,18,16,12
2299,20,9,12
2301,16,10,10
2303,14,16,16
2306,15,17,13
2307,20,10,11
2309,18,12,10
2310,14,14,18
2311,12,14,12
2312,13,12,20
2313,12,14,16
2314,20,16,20
2315,14,12,11
2316,14,12,16
2317,13,12,10
2318,17,13,20
2319,16,14,12
2320,18,15,16
2325,16,18,18
2327,11,3,3
2330,14,13,14
2331,19,12,12
2332,19,16,20
2337,20,12,12
2343,16,12,16
2345,12,7,7
2346,18,9,12
2347,17,15,16
2349,17,10,10
2350,12,12,12
2351,10,12,14
2354,17,12,12
2357,16,15,12
2358,15,9,8
2360,12,12,12
2363,13,0,12
2364,16,5,3
2366,13,12,8
2369,17,14,12
2371,15,12,16
2374,15,17,12
2375,14,14,10
2379,14,13,12
2381,12,12,12
2382,14,12,12
2383,17,12,12
2386,12,12,12
2387,16,16,20
2388,12,14,12
2389,17,16,18
2391,16,14,14
2392,16,9,8
2393,18,18,18
2394,14,11,11
2396,11,2,3
2397,20,10,15
2404,16,16,16
2405,18,12,13
2406,14,18,12
2407,12,12,12
2408,16,12,12
2411,12,0,6
2416,16,12,12
2417,19,16,13
2418,18,12,12
2419,14,12,12
2421,16,12,13
2422,12,10,0
2424,16,18,17
2425,14,12,12
2426,14,12,12
2433,16,16,16
2434,16,16,18
2436,17,14,16
2437,16,14,16
2438,17,7,7
2439,16,16,12
2440,20,14,16
2441,17,4,4
2443,15,12,11
2445,14,12,12
2446,15,5,5
2447,0,12,16
2448,17,12,5
2449,14,12,16
2450,15,17,16
2451,12,16,12
2454,15,6,4
2455,13,13,13
2457,13,18,12
2459,16,14,16
2460,12,12,16
2463,16,16,17
2465,12,13,19
2466,12,10,7
2467,16,12,18
2468,16,16,17
2469,20,16,16
2470,14,12,12
2471,18,12,12
2472,14,12,10
2474,16,14,19
2475,12,14,15
2478,20,12,16
2479,20,8,8
2481,17,14,16
2487,14,12,12
2488,20,14,16
2489,14,13,16
2490,14,16,16
2494,20,12,12
2495,13,12,12
2496,17,14,12
2497,18,14,6
2498,20,12,16
2499,20,10,12
2501,12,14,12
2502,16,12,8
2503,17,12,16
2504,17,18,19
2505,17,16,18
2506,14,12,12
2507,16,14,12
2511,16,12,4
2514,20,14,20
2515,12,12,12
2516,17,17,20
2517,14,12,12
2519,17,11,17
2520,16,12,10
2521,14,16,16
2522,18,14,18
2524,16,12,16
2525,16,6,6
2526,16,12,12
2527,12,4,9
2528,12,6,6
2529,16,12,12
2530,14,16,12
2531,14,13,11
2537,12,14,9
2539,12,16,12
2540,14,12,12
2541,20,8,2
2542,18,14,14
2544,14,0,6
2547,14,16,16
2548,13,13,13
2550,20,16,14
2551,16,16,18
2552,15,12,8
2555,11,11,8
2556,20,12,12
2557,16,13,16
2559,16,16,16
2560,16,0,8
2561,17,16,12
2565,14,16,20
2567,12,14,13
2568,14,10,6
2569,10,12,14
2571,16,12,20
2572,12,12,12
2573,8,14,14
2574,20,18,20
2575,13,12,12
2576,6,16,13
2578,16,16,12
2579,16,12,12
2580,16,12,18
2581,16,11,12
2582,17,12,18
2583,17,12,18
2584,12,12,9
2585,12,10,12
2586,20,14,14
2587,12,12,12
2589,12,11,12
2590,12,13,12
2591,17,15,20
2592,20,5,10
2593,20,16,20
2594,16,18,18
2595,16,16,16
2596,16,12,12
2598,17,15,12
2599,16,16,16
2600,14,8,11
2601,17,10,12
2602,18,16,18
2604,16,16,17
2606,12,12,16
2607,12,12,12
2608,16,16,16
2609,17,14,14
2611,19,12,6
2612,20,12,8
2613,13,16,16
2614,12,8,12
2615,14,12,13
2617,12,12,12
2618,16,13,18
2619,16,15,6
2620,12,8,9
2621,16,12,16
2623,12,10,8
2624,16,16,12
2626,12,12,11
2627,12,8,6
2629,16,14,16
2630,19,16,18
2631,13,12,12
2632,16,16,20
2634,13,12,8
2635,16,12,14
2636,12,14,14
2637,14,10,14
2639,16,10,14
2640,16,18,18
2642,14,12,12
2643,14,12,14
2644,14,20,12
2645,15,8,11
2648,18,12,12
2649,14,12,7
2650,13,12,7
2651,12,3,2
2652,19,12,8
2653,20,10,17
2655,8,6,8
2656,17,15,16
2658,17,11,10
2660,10,12,12
2661,13,10,2
2662,12,12,12
2664,18,12,16
2665,12,0,0
2666,13,12,12
2668,12,12,12
2671,16,16,15
2674,16,15,16
2675,19,12,13
2678,15,0,0
2679,12,12,11
2680,12,12,8
2681,12,8,8
2682,12,8,3
2684,12,14,8
2685,14,12,12
2686,16,15,13
2687,16,16,16
2688,13,12,12
2689,16,12,12
2690,18,14,16
2692,18,6,2
2695,14,13,13
2696,12,12,12
2698,17,14,17
2699,16,12,14
2700,16,12,12
2702,15,12,12
2703,16,16,12
2705,16,12,12
2706,12,12,12
2707,18,14,12
2710,16,13,12
2711,16,12,8
2712,14,16,18
2713,16,12,12
2714,14,12,20
2717,18,16,16
2718,12,14,12
2722,16,12,12
2723,16,12,16
2725,16,9,12
2726,16,12,16
2727,16,16,20
2729,9,12,8
2733,14,12,8
2734,18,10,12
2735,13,12,1
2736,2,0,2
2737,16,16,16
2738,13,12,8
2740,12,8,8
2742,20,13,13
2743,12,16,18
2745,13,13,14
2746,12,14,14
2747,18,12,12
2748,11,11,12
2749,20,16,20
2750,12,10,12
2751,13,3,3
2754,12,12,12
2759,19,19,19
2760,14,16,20
2761,17,14,6
2762,12,12,12
2763,14,16,14
2764,13,11,6
2766,12,12,8
2771,16,14,12
2772,12,12,7
2773,12,15,11
2774,17,12,12
2776,16,11,8
2777,16,12,12
2778,13,12,8
2781,13,12,12
2784,12,12,12
2785,16,12,12
2786,12,10,8
2787,18,8,10
2790,20,12,19
2791,12,12,16
2793,14,8,8
2794,16,16,16
2797,18,16,16
2800,11,10,8
2801,12,14,12
2804,16,16,16
2805,18,14,17
2806,17,10,8
2807,16,13,12
2809,17,18,18
2810,14,11,12
2813,14,14,12
2816,8,9,9
2817,12,16,18
2819,16,8,14
2820,12,9,12
2821,16,14,14
2822,12,12,12
2824,20,14,20
2825,18,12,8
2826,12,12,12
2828,3,8,16
2829,9,10,4
2831,12,8,6
2832,14,12,12
2833,13,8,12
2835,16,14,16
2836,14,12,12
2838,17,18,15
2839,14,12,14
2840,16,11,12
2841,12,12,12
2843,20,12,14
2844,17,12,12
2846,16,12,12
2847,17,10,16
2848,18,16,16
2849,18,10,13
2850,16,16,20
2852,15,12,12
2853,16,12,8
2854,17,12,12
2857,16,12,12
2858,14,15,12
2859,13,12,9
2860,14,12,13
2861,12,12,10
2864,16,12,12
2865,12,20,12
2866,15,14,14
2867,17,13,10
2869,18,12,12
2870,20,16,20
2871,9,12,11
2872,15,13,12
2873,20,13,12
2874,18,8,12
2875,16,6,12
2876,12,13,17
2877,12,12,12
2878,13,12,11
2880,12,16,12
2882,16,12,14
2883,14,12,12
2886,16,16,16
2887,16,12,12
2889,12,12,12
2891,14,12,8
2892,14,13,12
2895,12,12,12
2896,14,12,12
2897,13,12,12
2898,9,3,4
2900,17,13,12
2901,18,16,14
2902,19,14,19
2903,12,14,12
2905,19,16,16
2909,18,14,16
2910,19,16,16
2911,12,17,17
2912,15,17,14
2914,16,14,12
2915,16,16,16
2918,12,12,12
2919,12,12,12
2920,16,16,20
2921,16,12,2
2922,13,12,8
2923,17,12,14
2925,14,12,12
2926,17,18,18
2927,16,16,12
2928,17,12,12
2929,14,12,12
2930,17,15,12
2931,18,10,16
2936,19,16,18
2937,19,7,9
2938,14,12,12
2940,16,15,10
2941,12,6,6
2943,18,14,13
2944,18,17,16
2945,12,16,18
2946,14,12,12
2948,18,18,12
2949,20,14,12
2950,17,14,16
2951,12,12,12
2952,15,14,14
2953,12,14,16
2954,13,14,14
2957,16,20,13
2960,14,8,12
2962,18,16,16
2964,16,14,16
2965,17,13,12
2967,14,18,16
2968,12,8,6
2972,16,14,20
2973,12,12,8
2974,16,12,14
2975,12,12,8
2978,16,18,18
2979,14,12,12
2980,14,12,12
2981,12,9,9
2984,17,12,18
2985,12,10,8
2988,14,15,16
2990,13,12,12
2992,12,12,16
2993,16,8,8
2994,15,18,16
2995,13,6,7
2996,12,12,12
2998,12,12,8
2999,16,16,16
3000,16,20,16
3002,16,16,16
3003,20,16,16
3005,16,16,16
3007,16,12,16
3008,13,12,12
3009,12,12,9
3011,16,12,8
3012,18,12,12
3014,9,16,14
3015,12,5,5
3016,16,12,9
3019,16,16,14
3020,20,14,19
3021,13,8,8
3022,19,10,9
3023,16,6,9
3024,15,12,14
3025,14,12,10
3028,14,12,12
3030,16,15,13
3033,18,12,10
3035,14,12,12
3036,16,12,16
3038,12,6,12
3040,12,12,12
3043,17,14,18
3044,18,17,20
3045,12,13,12
3046,12,16,16
3047,17,12,12
3049,12,12,8
3050,20,13,12
3051,15,12,12
3052,19,12,14
3053,13,12,9
3054,16,16,18
3055,12,8,12
3056,12,12,12
3057,14,14,11
3060,19,12,14
3061,14,12,12
3062,17,12,12
3063,16,10,16
3064,11,12,12
3065,12,14,10
3066,16,12,12
3067,12,14,12
3068,16,19,18
3070,16,8,12
3071,17,15,12
3072,16,12,12
3074,13,12,12
3075,18,14,16
3076,16,12,12
3077,12,16,15
3078,12,11,10
3079,16,14,10
3080,14,12,12
3081,16,14,12
3083,18,12,12
3084,17,16,16
3085,20,16,16
3088,12,12,12
3091,18,16,19
3094,14,8,12
3097,14,12,17
3098,12,12,8
3100,17,12,12
3101,18,15,16
3103,13,0,15
3104,20,12,14
3105,16,12,12
3109,16,20,12
3112,16,17,16
3114,15,12,8
3116,14,14,14
3117,19,20,20
3119,16,11,12
3120,18,17,14
3121,14,12,16
3124,14,14,12
3125,17,16,11
3127,16,12,16
3130,16,12,12
3132,16,16,12
3133,17,12,6
3134,7,12,10
3138,18,12,12
3139,16,15,16
3140,13,17,12
3141,20,13,12
3142,16,16,16
3144,15,12,12
3146,15,14,14
3147,16,8,13
3149,14,14,12
3150,17,12,12
3151,18,12,8
3152,18,12,18
3153,19,12,10
3154,17,16,16
3155,16,16,16
3159,14,14,12
3160,13,13,14
3161,9,12,12
3162,14,14,10
3163,12,17,12
3164,18,8,8
3167,17,10,15
3170,20,16,12
3173,14,12,12
3174,12,9,9
3176,12,12,12
3177,14,20,12
3178,16,12,12
3179,16,6,8
3180,10,12,12
3181,16,15,16
3182,20,16,18
3186,20,16,16
3187,18,12,16
3191,16,16,16
3193,16,16,16
3194,12,12,12
3195,19,12,12
3197,9,8,6
3198,14,12,12
3200,16,10,9
3201,8,7,3
3205,17,16,16
3206,12,12,12
3207,12,8,7
3208,12,10,9
3209,6,0,0
3210,16,13,14
3211,17,17,16
3213,16,12,12
3214,13,12,10
3215,16,10,16
3218,18,13,16
3219,19,18,12
3221,19,8,7
3222,19,16,19
3224,14,12,12
3225,12,12,12
3229,11,8,8
3230,14,12,12
3232,16,16,19
3233,16,12,16
3238,16,13,16
3239,16,12,12
3242,14,14,14
3243,13,12,12
3244,16,12,16
3245,12,12,16
3246,15,14,6
3248,20,0,12
3249,16,12,10
3250,17,12,12
3253,12,9,12
3254,16,14,16
3255,12,12,12
3256,12,12,12
3258,12,12,12
3260,16,12,16
3261,19,6,4
3263,17,16,17
3264,12,9,10
3265,16,12,13
3266,20,16,16
3268,12,12,8
3269,17,16,17
3271,16,13,12
3272,19,14,12
3273,18,16,20
3274,16,12,11
3275,18,12,12
3276,14,12,13
3283,18,12,14
3286,12,13,12
3287,14,12,12
3288,17,16,18
3289,16,16,16
3291,12,11,12
3292,12,14,12
3293,14,12,3
3295,18,14,12
3297,17,9,9
3298,12,18,16
3299,19,15,19
3302,12,10,13
3303,20,18,18
3305,14,12,12
3307,17,12,12
3310,14,16,16
3312,12,12,12
3313,16,12,14
3314,20,15,13
3315,16,12,16
3316,17,20,20
3317,10,20,20
3318,16,16,16
3320,16,13,14
3321,20,14,12
3322,13,7,5
3323,12,2,4
3326,17,12,12
3328,14,12,16
3330,15,12,16
3331,20,12,12
3332,17,8,8
3333,16,16,16
3335,16,12,12
3337,16,12,13
3339,15,20,14
3340,12,12,6
3341,15,19,16
3343,12,12,12
3344,18,14,14
3347,12,12,12
3348,17,14,13
3349,16,16,16
3351,20,13,13
3352,16,15,17
3354,19,18,18
3355,20,12,17
3356,17,0,17
3357,10,12,12
3360,16,12,17
3362,19,14,16
3363,15,14,10
3365,18,20,20
3367,16,12,14
3368,18,18,18
3371,15,12,12
3372,15,12,12
3373,16,16,16
3374,14,12,15
3376,12,12,12
3377,12,11,12
3378,18,14,13
3379,12,12,12
3384,12,7,12
3385,16,12,10
3386,16,12,3
3388,14,16,14
3389,18,4,5
3393,20,12,12
3394,12,12,12
3395,14,15,12
3396,17,19,18
3397,15,20,20
3398,16,12,11
3400,12,12,8
3401,13,12,12
3403,17,12,12
3404,13,12,12
3407,16,14,9
3408,20,12,16
3409,18,12,11
3410,15,12,16
3411,18,12,12
3413,12,12,12
3414,20,12,12
3415,12,12,3
3416,17,17,15
3418,18,12,12
3420,14,16,20
3421,13,14,12
3423,17,16,12
3424,12,14,14
3425,17,12,16
3426,19,14,12
3428,16,4,6
3429,13,12,16
3430,12,7,9
3431,13,10,12
3432,15,12,12
3433,13,9,8
3436,13,12,12
3438,16,12,16
3440,20,8,8
3441,20,12,12
3444,16,14,16
3446,15,9,9
3447,16,14,12
3448,12,12,12
3449,16,12,16
3450,13,12,12
3452,12,12,8
3453,13,16,16
3455,14,12,11
3456,16,16,14
3458,15,16,16
3461,14,12,16
3462,14,14,17
3465,17,16,16
3466,20,8,10
3469,14,14,12
3473,12,12,6
3475,13,12,8
3476,16,5,6
3477,12,12,16
3480,18,12,12
3481,14,12,14
3482,16,16,16
3483,16,12,12
3485,12,12,6
3487,16,12,12
3490,18,14,18
3491,11,0,6
3492,20,12,12
3493,16,14,16
3494,12,14,9
3495,20,16,16
3496,14,12,8
3500,20,12,20
3501,16,10,6
3503,15,8,20
3504,11,12,7
3505,20,12,12
3506,14,16,16
3507,13,12,12
3508,17,0,5
3509,16,12,12
3510,16,12,13
3511,18,12,16
3513,18,12,16
3514,14,12,12
3516,16,16,16
3517,16,12,16
3521,13,12,12
3523,12,12,12
3524,12,12,10
3525,17,12,18
3526,19,17,19
3527,14,5,5
3529,12,12,14
3530,20,14,15
3531,15,12,12
3532,14,15,18
3533,18,16,18
3534,14,6,13
3537,14,12,12
3538,20,8,12
3539,20,15,12
3540,16,12,12
3542,20,12,12
3544,15,14,12
3546,8,12,12
3548,14,8,8
3550,14,12,12
3551,20,17,20
3557,18,0,16
3558,16,12,12
3559,17,16,16
3561,16,12,20
3564,12,16,16
3565,15,16,20
3566,17,16,16
3568,18,12,18
3570,14,12,14
3571,18,18,16
3572,16,10,16
3573,14,11,7
3576,14,12,14
3577,16,12,12
3578,20,12,10
3579,12,6,9
3580,17,9,9
3581,16,9,16
3584,14,14,0
3586,16,12,16
3587,12,11,2
3588,18,15,15
3589,14,12,12
3590,16,12,12
3592,16,12,20
3596,12,16,16
3597,16,12,12
3598,13,12,12
3603,16,4,4
3604,20,12,12
3605,13,16,16
3608,15,14,13
3609,16,16,12
3610,11,12,12
3615,13,12,15
3616,14,12,13
3617,16,12,14
3618,18,11,10
3619,12,12,12
3620,18,14,14
3623,13,18,12
3626,12,16,12
3627,18,14,16
3630,14,12,12
3631,16,16,13
3632,12,9,9
3635,17,16,13
3636,12,12,16
3637,14,16,12
3638,17,16,18
3639,13,12,12
3641,16,12,12
3643,16,9,12
3645,16,18,16
3646,16,12,12
3649,14,14,12
3650,12,8,8
3651,18,12,16
3652,16,9,12
3653,13,12,12
3656,14,12,12
3657,16,8,14
3659,16,18,19
3660,18,16,19
3661,16,20,20
3662,12,8,12
3664,16,16,16
3666,12,8,7
3667,16,12,12
3668,14,8,14
3670,15,16,12
3672,8,12,5
3673,18,12,16
3674,15,12,16
3675,10,5,5
3677,18,16,12
3678,19,14,16
3679,19,12,16
3680,20,11,6
3681,16,18,16
3686,12,13,20
3688,16,13,16
3689,17,20,20
3691,19,12,12
3692,20,16,16
3693,16,16,6
3694,16,17,18
3695,19,12,12
3700,12,12,12
3701,12,12,17
3702,16,12,16
3703,14,6,6
3705,18,1,4
3706,17,18,18
3708,16,8,9
3709,14,12,16
3710,20,17,15
3711,12,12,16
3712,16,12,16
3713,14,15,20
3714,17,12,12
3715,12,10,6
3717,14,16,12
3718,14,12,16
3724,12,9,8
3725,12,12,4
3727,12,12,14
3728,16,12,12
3729,15,13,12
3731,16,16,14
3732,12,8,5
3733,12,16,12
3735,16,16,12
3736,16,16,16
3737,13,5,3
3739,8,0,0
3741,12,12,12
3742,17,14,20
3743,16,16,14
3745,13,12,0
3746,13,10,8
3747,20,8,13
3748,13,12,8
3749,11,12,8
3751,18,12,12
3752,16,20,16
3753,16,12,12
3754,13,12,12
3755,13,12,12
3756,14,12,11
3757,18,12,12
3758,16,18,20
3759,18,13,12
3760,16,12,12
3762,15,16,16
3764,12,12,16
3765,16,16,16
3767,16,16,16
3768,18,18,8
3771,16,16,18
3772,15,8,8
3773,16,13,16
3774,12,9,12
3776,13,12,12
3777,13,12,12
3780,13,16,12
3784,14,12,12
3786,12,12,12
3787,16,12,12
3789,12,11,8
3790,18,16,19
3795,17,4,12
3796,20,16,16
3799,16,18,12
3804,16,16,16
3805,17,16,17
3806,15,16,16
3807,16,12,14
3810,18,12,20
3811,14,12,17
3814,12,12,12
3815,14,13,7
3817,16,16,16
3819,14,12,12
3820,15,11,17
3821,15,16,16
3823,16,14,12
3824,16,12,12
3825,20,12,12
3827,16,16,16
3829,16,14,16
3832,12,12,8
3834,16,16,16
3835,12,12,8
3837,16,16,17
3840,14,6,16
3843,16,16,16
3844,13,12,12
3845,16,12,16
3848,14,12,8
3849,16,12,12
3850,12,8,8
3851,13,12,12
3853,16,12,16
3855,16,12,12
3857,12,14,12
3858,13,10,16
3859,16,15,17
3860,18,14,12
3861,16,13,12
3862,14,13,12
3863,12,12,12
3864,19,12,14
3865,17,12,10
3866,12,12,12
3868,18,16,16
3874,12,17,12
3875,18,6,13
3876,18,12,12
3877,18,12,14
3878,12,12,12
3881,12,16,3
3883,20,7,10
3884,16,20,20
3885,16,12,20
3886,16,12,12
3889,17,19,13
3890,17,16,16
3891,19,17,17
3892,12,12,10
3894,14,14,16
3895,18,16,14
3896,16,12,18
3897,18,17,14
3899,9,12,12
3901,14,12,16
3906,12,10,11
3908,16,12,12
3911,15,7,6
3912,16,12,12
3913,6,12,12
3914,14,0,6
3915,16,16,16
3918,20,12,12
3920,17,16,16
3921,17,12,20
3922,18,12,12
3923,14,20,16
3924,12,8,12
3925,20,12,8
3926,10,12,12
3928,16,16,15
3930,15,5,7
3932,18,13,7
3934,16,12,16
3935,16,10,8
3936,16,2,3
3937,13,3,7
3938,19,12,12
3943,15,9,11
3944,16,12,12
3945,16,16,16
3946,16,10,16
3949,20,16,13
3950,19,18,20
3951,16,12,12
3953,18,14,16
3954,13,12,16
3955,13,12,12
3956,16,12,12
3958,12,12,12
3959,13,12,12
3963,16,16,14
3964,18,7,2
3965,12,0,12
3966,20,12,20
3973,20,9,8
3974,14,12,12
3975,16,20,20
3976,16,12,16
3977,12,12,12
3978,12,12,12
3979,12,12,0
3980,16,12,12
3981,12,12,14
3982,16,12,12
3983,17,12,8
3986,16,14,12
3988,16,16,16
3989,16,12,12
3990,18,14,16
3992,18,16,16
3995,17,12,9
3996,13,12,12
3997,12,12,12
3998,17,12,8
3999,14,13,7
4001,15,12,18
4002,18,15,12
4003,17,12,10
4006,18,13,12
4007,16,12,16
4008,15,12,12
4010,12,12,8
4012,15,12,12
4013,13,12,10
4015,20,12,12
4016,12,10,12
4018,16,12,16
4019,12,9,9
4020,16,9,15
4021,16,20,16
4023,13,12,12
4024,12,12,12
4026,16,16,8
4027,16,10,15
4028,14,14,12
4029,14,12,12
4031,18,14,16
4033,14,12,12
4035,16,16,16
4039,18,20,12
4042,12,16,8
4043,14,6,0
4045,12,6,9
4046,12,12,12
4050,14,10,10
4052,16,12,15
4053,12,12,8
4055,16,14,14
4056,13,12,14
4058,18,12,12
4059,16,14,16
4060,18,17,17
4061,12,12,5
4062,20,12,12
4064,16,18,18
4066,16,16,14
4070,15,16,16
4071,16,14,12
4072,12,16,16
4073,12,4,3
4074,17,17,18
4076,16,12,12
4077,10,6,6
4079,13,12,12
4080,12,12,16
4081,16,6,6
4082,15,12,12
4084,16,12,12
4085,16,16,16
4086,12,13,12
4087,13,16,12
4089,18,16,16
4090,16,8,10
4094,13,12,11
4095,13,14,16
4096,13,19,20
4097,8,10,8
4098,17,16,18
4100,18,14,12
4101,18,12,12
4102,12,12,12
4103,12,18,12
4105,14,20,6
4106,16,19,15
4107,12,12,12
4110,12,12,3
4112,16,14,12
4113,12,12,0
4116,18,13,18
4117,16,14,16
4118,16,10,14
4121,16,16,16
4122,18,10,11
4124,9,4,6
4125,16,12,16
4128,12,12,12
4129,16,12,14
4130,16,16,16
4132,12,11,4
4135,15,12,13
4136,5,16,12
4137,18,13,13
4138,20,20,13
4139,16,14,12
4140,12,9,6
4141,12,14,16
4142,14,12,12
4143,16,12,12
4144,19,12,14
4145,12,16,12
4147,12,10,12
4148,16,16,14
4150,16,12,16
4152,12,12,8
4153,14,12,12
4154,20,12,8
4155,12,12,12
4156,16,12,12
4157,14,12,12
4158,14,16,16
4160,15,12,12
4161,16,16,16
4164,20,12,12
4165,18,16,16
4168,14,12,16
4170,18,16,16
4171,12,12,12
4172,16,15,15
4173,16,11,12
4174,17,10,12
4175,14,12,16
4179,12,12,12
4180,12,12,12
4181,13,12,12
4182,16,16,12
4183,15,8,9
4184,18,12,12
4185,18,6,4
4190,16,12,16
4191,18,12,12
4193,12,10,12
4194,12,13,12
4196,17,5,6
4197,17,12,12
4198,17,16,16
4199,16,14,12
4200,18,16,18
4201,19,16,16
4202,16,13,12
4204,20,14,13
4205,19,12,12
4208,16,16,18
4210,12,12,12
4211,14,12,6
4214,16,12,12
4215,13,13,12
4217,12,11,12
4220,16,13,12
4221,18,14,16
4222,14,12,12
4223,19,11,11
4225,12,11,9
4227,14,14,14
4228,16,13,16
4229,14,16,12
4231,17,12,12
4235,15,8,12
4236,16,9,12
4238,18,16,16
4239,14,15,12
4240,12,12,10
4241,14,12,12
4242,17,18,10
4243,20,12,16
4244,16,12,11
4246,16,12,9
4247,14,9,6
4248,18,12,16
4249,16,12,8
4250,16,12,12
4251,12,14,11
4253,13,16,12
4254,17,12,9
4255,16,12,12
4256,19,12,16
4257,16,12,12
4258,12,12,12
4260,15,16,12
4262,18,16,12
4263,17,10,10
4265,13,12,13
4266,16,16,16
4267,16,5,16
4268,19,16,16
4272,18,14,6
4277,12,8,8
4279,8,11,12
4280,12,16,16
4281,13,7,5
4282,16,12,10
4283,12,12,12
4284,12,9,6
4287,17,15,12
4288,17,18,14
4289,16,12,12
4290,14,11,12
4293,15,10,10
4296,12,12,12
4297,16,12,14
4304,18,12,12
4305,12,14,12
4307,20,7,12
4308,16,16,13
4311,14,12,14
4312,12,12,12
4313,14,14,12
4314,16,0,0
4315,14,8,8
4316,14,8,8
4320,17,18,12
4323,17,16,14
4324,16,12,12
4325,16,12,12
4326,14,14,16
4327,16,17,20
4328,16,17,16
4329,16,12,16
4331,17,20,20
4332,16,12,12
4333,11,0,0
4334,19,12,17
4336,11,12,3
4337,13,11,12
4338,20,16,20
4340,18,12,14
4342,18,10,12
4344,16,12,14
4345,16,16,16
4347,20,18,18
4348,11,12,12
4349,12,15,12
4352,19,20,14
4353,18,17,12
4354,16,16,12
4355,12,12,0
4356,17,12,18
4358,16,14,17
4359,12,12,16
4360,16,14,16
4361,20,14,16
4364,11,12,12
4366,12,8,8
4367,14,12,14
4368,15,13,12
4369,16,12,12
4370,13,12,12
4373,10,16,16
4374,20,9,12
4375,16,13,12
4376,13,13,13
4377,16,16,12
4378,16,14,16
4379,18,12,12
4380,12,12,14
4381,19,16,18
4382,9,6,12
4384,20,16,14
4385,12,14,16
4386,20,16,14
4388,12,14,12
4391,15,14,12
4392,16,12,12
4395,16,14,16
4396,16,12,14
4397,17,20,16
4399,18,12,15
4401,16,12,12
4402,18,14,15
4404,16,12,16
4406,16,18,16
4407,15,12,10
4409,16,12,16
4411,16,20,20
4412,17,12,14
4414,12,10,12
4416,14,12,9
4417,16,16,16
4418,12,12,12
4419,16,16,16
4423,20,13,16
4425,14,18,14
4427,16,12,12
4428,17,12,14
4429,19,8,14
4430,16,12,12
4433,20,20,20
4436,16,12,18
4437,16,9,9
4439,16,13,14
4440,16,16,12
4441,12,12,12
4442,12,13,12
4443,20,18,12
4444,16,14,14
4445,17,18,14
4447,15,12,12
4448,13,10,12
4451,14,12,13
4452,14,12,12
4453,19,12,18
4454,16,16,13
4455,12,15,8
4456,14,0,3
4457,18,18,16
4458,17,12,12
4459,17,0,4
4460,13,12,12
4461,13,12,12
4462,19,20,20
4463,16,12,16
4464,18,8,6
4466,14,16,16
4467,14,16,16
4468,16,16,16
4469,16,16,16
4470,20,14,16
